Tool Name,Method Family,Main Input,Main Use in This Topic,Main Output,Closest Alternatives,Key Difference,Compute Requirement,Memory Burden,Scale Sensitivity,Code Access,Primary Code Link,Evidence Source,Evidence Note,Best First Choice When,Do Not Start With This When,Trajectory Branch,Splicing / Velocity Dependence,Spatial Coupling Mode,Reference Dependence,Temporal / Multi-sample Cue,Output Interpretability Cue,Scientific Caveat
SpaTrack,Optimal transport trajectory inference,Spatial transcriptomics expression with spatial coordinates; multiple samples or temporal intervals can be used when available.,Reconstruct spatial cell differentiation trajectories using expression and spatial position in transition costs.,"Spatial trajectory topology, differentiation paths, and dynamic driver cues.",STT; CASCAT; PearlST,"Uses optimal transport to reconcile expression and spatial position, rather than velocity, tensor dynamics, latent embeddings, or causal graph pruning.",CPU,unclear,unclear,available,https://github.com/yzf072/spaTrack,mixed,"Direct PubMed evidence verifies PMID 39904341, DOI 10.1016/j.cels.2025.101194, and the optimal-transport spatial trajectory claim. Code access comes from the frozen registry input rather than a PubMed/PMC code-availability section in this pass; comparator and resource notes are Layer 2 synthesis.","Consider when the task is expression-plus-location differentiation trajectory reconstruction, especially across samples or time intervals.","Do not start here when the primary question is RNA velocity, splicing-dependent dynamics, or causal trajectory graph interpretation.",differentiation trajectory,not primary,coordinates in transition cost,reference-free,multi-sample / temporal interval,trajectory topology,Trajectory direction and biological causality remain model interpretations; method-paper applications do not establish a universal benchmark ranking.
spVelo,Spatial RNA velocity inference,Multi-batch spatial transcriptomics data with spatial information and RNA-velocity-relevant expression dynamics.,Infer RNA velocity and spatially resolved transcriptional dynamics across multi-batch spatial datasets.,"Spatial RNA velocity estimates, trajectory patterns, uncertainty cues, driver markers, and related downstream dynamic summaries.",SIRV; TopoVelo; STT,Foregrounds scalable multi-batch spatial RNA velocity rather than reference-enriched single-cell-resolution velocity or topological differential-equation velocity.,Optional GPU,unclear,unclear,available,https://github.com/VivLon/spVelo,method paper,"Direct PubMed/PMC evidence verifies PMID 40790237, DOI 10.1186/s13059-025-03701-8, multi-batch spatial RNA-velocity framing, and the GitHub code link. Hardware/resource interpretation and alternatives are Layer 2 synthesis; PMC reports use of an NVIDIA A5000 GPU with up to 30 GB RAM for model training but this is not BioHarness runtime validation.",Consider when the task is multi-batch spatial RNA velocity with uncertainty or driver-marker interpretation.,Do not start here when the dataset or analysis goal lacks a velocity/dynamics question or when a matched reference-imputation route is specifically required.,spatial RNA velocity,uses splicing / velocity signal,spatial graph / constraints,reference-free,multi-batch,velocity field,"Velocity direction can be sensitive to preprocessing, gene selection, and batch structure; multi-batch scalability claims are method-paper-local."
STT,Multiscale tensor dynamics,Spatial transcriptomics with spatial coordinates and messenger RNA splicing information.,Characterize cell-state-specific dynamics and spatial state transitions through a multiscale transition tensor.,"Four-dimensional transition tensor, local tensor streamlines, and long-time transition paths among attractors.",spVelo; TopoVelo; SIRV,Models multiscale transition dynamics with a learned tensor and spatially constrained random walk rather than only a velocity vector field.,CPU,unclear,unclear,available,https://github.com/cliffzhou92/STT/tree/release,method paper,"Direct PubMed/PMC evidence verifies PMID 38755322, DOI 10.1038/s41592-024-02266-x, tensor-dynamics outputs, benchmark/application claims, and the GitHub code link. Resource burden, scale sensitivity, and local alternatives are Layer 2 synthesis.","Consider when the question needs multiscale spatial state-transition dynamics, attractor paths, or state-specific dynamical genes.",Do not start here when splicing or velocity-related signal is unavailable and the task only needs a simple pseudotime ordering.,spatial RNA velocity,uses splicing / velocity signal,spatial graph / constraints,reference-free,single-sample compatible,transition tensor / attractors,Tensor and attractor interpretations can be powerful but require careful validation against known biology; method-paper benchmarks do not settle all tissue/platform regimes.
SIRV,Reference-informed spatial RNA velocity,Spatial transcriptomics data enriched with spliced and unspliced mRNA expression from matched or relevant reference scRNA-seq data.,Infer spatial RNA velocities at single-cell resolution when spatial assays lack direct spliced/unspliced capture.,Spatial RNA velocities and spatial differentiation trajectories at single-cell resolution.,spVelo; TopoVelo; STT,Uses reference scRNA-seq to enrich spatial data with spliced/unspliced signal rather than relying only on spatial data.,CPU,unclear,unclear,available,https://github.com/tabdelaal/SIRV,method paper,"Direct PubMed/PMC evidence verifies PMID 39108639, DOI 10.1093/nargab/lqae100, reference-enriched spatial RNA-velocity framing, and the GitHub code link. Reference-bias caveat and branch-local comparisons are Layer 2 synthesis.","Consider when spatial velocity is desired, the spatial assay lacks direct spliced/unspliced information, and a suitable scRNA-seq reference is available.",Do not start here when no reliable reference exists or when reference mismatch would dominate the biological interpretation.,spatial RNA velocity,reference-imputed splicing / velocity,spatial graph / constraints,scRNA-reference-assisted,single-sample compatible,velocity field,Velocity estimates can inherit reference composition and annotation bias; validation should not rely only on agreement with the same reference assumptions.
PearlST,PDE-enhanced adversarial graph autoencoder,"Spatial transcriptomics expression, spatial coordinates, and histology image features when available.","Infer spatiotemporal structures, including trajectory inference and pseudotime analysis, through latent spatial embeddings.","Low-dimensional latent embeddings, spatial domains, temporal trajectories, and pseudotime summaries.",SpaTrack; CASCAT; STT,"Uses PDE-enhanced adversarial graph autoencoding and image-feature extraction rather than transport, causal graph modeling, or velocity dynamics.",Optional GPU,unclear,unclear,available,https://github.com/SunXQlab/PearlST,method paper,"Direct PubMed/PMC evidence verifies PMID 38812530, DOI 10.34133/research.0390, spatiotemporal-structure and pseudotime claims, and primary PearlST code locations. The choice to treat trajectory use separately from spatial-domain use is Layer 2 synthesis.",Consider when the task is latent spatiotemporal structure discovery or pseudotime analysis and image/spatial graph features are acceptable.,"Do not start here when the primary need is an explicit velocity field, reference-informed velocity, or causal trajectory tree.",spatiotemporal embedding / pseudotime,not primary,histology + spatial features,reference-free,time-course helpful,latent pseudotime,Trajectory conclusions may be entangled with representation learning and spatial-domain objectives; image-feature quality can affect biological interpretation.
TopoVelo,Topological velocity inference,Spatial transcriptomic data for jointly modeling spatial and temporal dynamics of cell fate transition.,Infer topological velocity and spatially coupled cell-state dependencies for cell fate transitions.,"Velocity estimates, spatial cell-state dependencies, and cell fate transition patterns.",spVelo; SIRV; STT,Extends RNA velocity with spatially coupled differential equations and topological dependencies rather than multi-batch velocity or reference-enriched velocity.,Optional GPU,unclear,unclear,unclear,,method paper,"Direct PubMed evidence verifies PMID 40670711, DOI 10.1038/s41587-025-02688-8, and the topological velocity framing. No PubMed/PMC code link was confirmed in this bounded pass; resource and local-comparator cues are Layer 2 synthesis.",Consider when the scientific question centers on spatially coupled cell fate dynamics and topological velocity interpretation.,Do not start here when code-link traceability is required before method reading or when a simpler non-velocity trajectory topology is sufficient.,spatial RNA velocity,uses splicing / velocity signal,spatially coupled dynamics,reference-free,time-course helpful,velocity field,Spatially coupled differential-equation structure may improve interpretability but also imposes modeling assumptions that require tissue-specific checks.
CASCAT,Tree-shaped structural causal trajectory model,Spatial transcriptomics expression with spatial coordinates and graph construction for trajectory inference.,Infer causal spatial trajectories using conditional-dependence pruning and a tree-shaped structural causal model.,"Causal cell graph, trajectory tree, pseudotime, and cluster-level causal trajectory interpretation.",SpaTrack; PearlST; STT,"Focuses on a tree-shaped causal trajectory with Markovian structure rather than transport paths, latent embeddings, or velocity fields.",Optional GPU,unclear,unclear,available,https://doi.org/10.6084/m9.figshare.28342865.v2,method paper,"Direct PubMed/PMC evidence verifies PMID 40829806, DOI 10.1093/nar/gkaf791, spatial and scRNA trajectory benchmark claims, causal-trajectory framing, and Figshare source-code availability. Causal-claim caution and branch-local alternatives are Layer 2 synthesis.",Consider when the task explicitly needs a causal or Markovian tree-shaped spatial trajectory rather than velocity or embedding-only pseudotime.,Do not start here when the scientific question only needs descriptive trajectory topology or RNA velocity without causal-graph assumptions.,causal trajectory,not primary,spatially refined causal graph,reference-free,single-sample compatible,causal tree,Causal language is model-based and should not be treated as experimental causality; method-paper benchmarks do not remove confounding or root-choice concerns.
STORIES,Optimal-transport fate-landscape learning,spatial transcriptomics expression with spatial coordinates and cell-state context for fate-landscape inference,learn cell fate landscapes from spatial transcriptomics using optimal transport,"cell fate landscape, transition structure, and trajectory interpretation for spatial cell states",SpaTrack; STT; PearlST; CASCAT,"Frames spatial trajectory inference as fate-landscape learning with optimal transport rather than RNA velocity, latent pseudotime, or causal-tree modeling.",CPU,unclear,unclear,available,https://github.com/cantinilab/stories,PubMed PMID 41184554; DOI 10.1038/s41592-025-02855-4; code link supplied by targeted literature check,Direct evidence verifies the Nature Methods STORIES method-paper identity and public code trace. Fate-landscape placement is direct from the method title; directionality and fate claims remain model-based Layer 2 caveats.,Consider when the task explicitly asks for spatial fate-landscape inference from expression and spatial context.,"Do not start here when the task only needs RNA velocity, static spatial domains, or experimentally validated lineage causality.",differentiation trajectory,not primary,coordinates in transition cost,reference-free,time-course helpful,trajectory topology,"Fate landscapes and directionality are model interpretations; they should not be treated as lineage tracing, migration proof, or experimental causality without independent validation."
stVCR,Spatiotemporal single-cell dynamics modeling,spatial transcriptomics data with single-cell state information and temporal or progression context,model spatiotemporal dynamics of single cells from spatial transcriptomics,"spatiotemporal cell-state dynamics, trajectory or pseudotime-style summaries, and dynamic interpretation cues",spVelo; STT; PearlST; SpaTrack,"Centers spatiotemporal single-cell dynamics rather than RNA-splicing velocity alone, static trajectory topology, or pure latent pseudotime.",Optional GPU,unclear,unclear,available,https://github.com/QiangweiPeng/stVCR,PubMed PMID 41820580; DOI 10.1038/s41592-026-03010-3; code link supplied by targeted literature check,Direct evidence verifies the Nature Methods stVCR method-paper identity and public code trace. Spatiotemporal dynamics placement is direct from title-level evidence; resource and comparator fields are Layer 2 synthesis.,Consider when the explicit question is spatiotemporal single-cell dynamics with spatial context.,"Do not start here when temporal ordering is absent or when the task requires only static domain clustering, cell type inference, or ligand-receptor communication.",spatiotemporal embedding / pseudotime,not primary,spatially coupled dynamics,reference-free,multi-sample / temporal interval,latent pseudotime,"Spatiotemporal dynamics are model-based summaries; sampling design, temporal alignment, and state-definition choices can drive apparent fate, migration, or counterfactual-style interpretations."
