Tool Name,Method Family,Main Input,Main Use in This Topic,Main Output,Closest Alternatives,Key Difference,Compute Requirement,Memory Burden,Scale Sensitivity,Code Access,Primary Code Link,Evidence Source,Evidence Note,Best First Choice When,Do Not Start With This When,Comparison Target,Comparison Design,Spatial Context Use,External Reference / Cohort Signal,Structural Alignment Need,Primary Bias / Validity Caveat
C-SIDE,Cell-type-specific differential expression,ST count matrix + spatial coordinates + cell type weights or reference-informed assignments + condition/covariate design,cell-type-specific differential expression across spatial transcriptomics conditions,cell-type-specific DE genes and effect estimates,SpatialGEE; Niche-DE; SPADE,"Tests condition-associated expression within inferred cell types rather than treating spots, niches, or registered image pixels as the primary comparison unit.",CPU,unclear,medium,available,https://github.com/dmcable/spacexr,method paper,"Direct evidence: PubMed/DOI verify the Nature Methods C-SIDE method paper and the current registry records the spacexr repository. Layer 2 synthesis: closest alternatives, scale cue, and bias caveat.",When the scientific question is condition-associated expression within cell types and reliable cell type weights or reference-informed assignments are available.,"When the main comparison is niche context, pixel-wise registered tissue pattern, pathology score, or bulk-phenotype feature linking.",cell-type-specific differential expression,condition/covariate,cell type mixture,cell-type reference or weights,none,"Cell-type assignment error, reference mismatch, and composition-condition confounding can be mistaken for cell-type-specific expression change."
Niche-DE,Niche-differential expression,ST or spatial single-cell expression + spatial coordinates + cell or spot annotations + niche/context variables,niche-conditioned differential gene expression and context-dependent interaction discovery,niche-differential genes and context-dependent interaction signals,C-SIDE; SpatialGEE; SpaLinker,"Centers the comparison on local niche context rather than only cell type, global condition, or bulk-linked phenotype features.",CPU,unclear,unclear,available,https://github.com/kaishumason/NicheDE,method paper,Direct evidence: PubMed/DOI verify the Genome Biology method paper and the current registry records the NicheDE repository. Layer 2 synthesis: branch placement and resource/scale conservatism.,When the comparison asks whether expression changes depend on the local cellular or spatial niche.,When niche definitions or cell/spot annotations are not trustworthy enough to support context-conditioned inference.,niche-conditioned differential expression,condition/covariate within niches,neighborhood/niche,cell or spot annotations,none,"Niche construction and annotation choices can dominate the signal, especially when niches correlate with sample, disease status, or tissue processing."
SPADE,Between-group spatial pattern analysis,ST expression matrix + spatial coordinates + group or condition labels,between-group spatial pattern and differential expression analysis,spatial pattern statistics and differentially expressed or differentially patterned genes,STcompare; SpatialSPM; SpatialGEE,Combines spatial pattern analysis with differential expression in the original coordinate space rather than requiring image registration or cell-type-specific deconvolution.,CPU,unclear,medium,available,https://github.com/thecailab/SPADE,method paper,Direct evidence: PubMed/DOI verify the Nucleic Acids Research method paper and the current registry records public code. Layer 2 synthesis: comparison branch and scale cue.,When the question is a group comparison that should retain spatial-pattern information without requiring explicit structural registration.,"When the primary requirement is cell-type-specific DE, niche-conditioned DE, or pixel-wise comparison on a common anatomical template.",between-group spatial pattern / DE,two-group or multi-condition,coordinates / pattern,none,none,"Spatial autocorrelation, sampling density, and tissue-resolution differences can affect apparent pattern differences."
SpatialGEE,Generalized estimating equation differential analysis,ST expression matrix + spatial coordinates + condition/covariate design,spatial differential expression with correlation-aware statistical modeling,"DE genes, statistical tests, and model-based effect estimates",C-SIDE; SPADE; SpatialSPM,Uses a generalized-estimating-equation route for spatial DE and has direct support from a 2026 comparative statistical-method study.,CPU,unclear,medium,available,https://github.com/pwei101/SpatialGEE,benchmark/review,"Direct evidence: PubMed/DOI verify the 2026 PLOS Computational Biology comparative study and registry records the SpatialGEE code link. Layer 2 synthesis: this is a benchmark-supported inclusion, not a global default or runtime claim.",When the analysis needs a statistical DE model that accounts for spatial correlation and the comparison is primarily condition or covariate driven.,"When the intended unit is a cell type, niche, registered anatomical pixel, learned tissue motif, or pathology score.",spatial differential expression,condition/covariate,spatial correlation,none,none,"Benchmark performance may not transfer across platforms, resolutions, or replicate structures; calibration depends on whether the correlation model matches the data."
STcompare,Between-group spatial pattern analysis,structurally matched ST datasets + expression matrices + spatial coordinates,differential spatial pattern comparison across matched tissues,differentially spatially patterned genes and tissue-pattern comparison results,SpatialSPM; SPADE; TissueMosaic,"Targets differentially spatially patterned genes in structurally matched tissues, with current evidence based on a public preprint and code.",CPU,unclear,unclear,available,https://github.com/JEFworks-Lab/STcompare,method paper,Direct evidence: the bioRxiv DOI and public GitHub link support identity and code access; no PubMed PMID was available in the frozen input. Layer 2 synthesis: evidence strength is weaker than peer-reviewed rows and structural-matching risk is carried forward.,When tissues are structurally matched and the main question is differential spatial patterning rather than conventional DE.,When tissues are not structurally comparable or a peer-reviewed-only evidence basis is required.,differential spatial pattern,structurally matched comparison,coordinates / pattern,none,required,Preprint-only evidence and tissue matching or registration choices can bias pattern calls.
TissueMosaic,Self-supervised differential spatial transcriptomics,multi-sample ST or spatial single-cell datasets + coordinates and optional image-like or cell-type channels,cross-sample differential spatial transcriptomics through learned tissue motif representations,"self-supervised tissue representations, motif enrichment, and motif-associated differential features",SpaLinker; SPaSE; STcompare,"Learns tissue motif representations for cross-sample comparison rather than using a hand-specified DE model, pathology-score model, or registered-pixel test.",Optional GPU,unclear,high,available,https://github.com/broadinstitute/TissueMosaic,mixed,Direct evidence: PubMed/DOI verify the Cell Systems paper; official documentation and Zenodo point to the Broad Institute repository and GPU-oriented workflow. Layer 2 synthesis: scale sensitivity and representation-bias caveat.,When many samples are available and the comparison should use learned tissue motifs or microenvironment representations across conditions.,"When a transparent gene-level statistical test, CPU-first workflow, or small-sample comparison is the main requirement.",motif-associated differential spatial features,multi-sample / cohort,learned tissue motifs,cohort labels,helpful,"Self-supervised representations can capture acquisition, tissue composition, or preprocessing structure instead of biological condition effects."
SPaSE,Optimal-transport pathology scoring,diseased and control ST samples + expression matrices + spatial coordinates,spatial pathology scoring and disease-control comparison,"spot-level pathology scores, significance estimates, and score-associated genes or regions",TissueMosaic; SpaLinker; SpatialSPM,"Outputs continuous pathology scores through optimal transport rather than DE genes, tissue motifs, or registered-pixel statistical maps.",CPU,unclear,unclear,unclear,,method paper,Direct evidence: PubMed/DOI verify the Cell Systems method paper and the article describes SPaSE as an optimal-transport pathology-score method. Code access remains unclear here because no primary repository URL was confirmed in the bounded pass.,When the main output should be a spatially resolved pathology-severity score comparing diseased and control tissue.,"When the task is ordinary DE, niche-specific DE, or feature linking to external clinical phenotypes rather than pathology-score estimation.",spatial pathology score,disease-control,spatial coordinates + expression distance,control tissue,helpful,"Control choice, disease-region heterogeneity, and optimal-transport cost design can shape the score as much as the biological pathology."
SpaLinker,Bulk-spatial phenotype linking,ST data + spatial features + bulk RNA-seq cohort profiles with clinical phenotype annotations,linking spatial tumor microenvironment features to phenotype or clinical outcome signals,"phenotype-associated spatial TME features, factors, and linked architectures",TissueMosaic; SPaSE; Niche-DE,"Uses bulk cohort phenotypes to link ST-derived TME features to clinical outcomes, rather than directly testing condition DE inside the ST cohort alone.",Optional GPU,unclear,unclear,unclear,,method paper,Direct evidence: PubMed/DOI verify the Cell Genomics paper and public full text describes bulk-spatial phenotype linking. Code access remains unclear in this bounded pass because no primary repository URL was confirmed.,When spatial features need to be associated with clinical phenotypes through a larger bulk RNA-seq cohort.,When bulk cohort phenotype data are unavailable or the desired result is a direct ST-only DE test.,phenotype-associated spatial features,bulk-linked phenotype comparison,spatial TME architecture,bulk cohort phenotypes,none,"Bulk-to-spatial transfer can introduce cohort, tumor-purity, cell-composition, and phenotype-label confounding."
SpatialSPM,Statistical parametric mapping for ST,multiple ST datasets + expression matrices + spatial coordinates + anatomical or template registration workflow,pixel-wise comparison of registered spatial gene-expression pattern images,"registered expression images, statistical parametric maps, T-scores, and correlation maps",STcompare; SPADE; SPaSE,"Transforms ST data into registered image matrices for pixel-wise statistical parametric mapping, making structural alignment central to the method.",CPU,unclear,medium,available,https://github.com/portrai-io/spatialspm,method paper,Direct evidence: PubMed/DOI verify the Nucleic Acids Research paper and the article's data availability section reports Figshare plus GitHub code. Layer 2 synthesis: scale cue and alignment-bias caveat.,When anatomically comparable tissues can be registered to a common image-like template for pixel-wise gene-pattern comparison.,When tissue architecture is too variable for trustworthy registration or when spot/cell-level DE is sufficient.,registered pixel-wise spatial pattern,registered multi-sample comparison,registered image matrix,none,required,"Registration, smoothing, and template choice can create or hide local differences, especially in tumors or structurally distorted tissues."
