618308e6346071fd57a959c20cf4c627d22121f96f00ef159247b590ecade248	README.md
9465ea3962a1cdebad252b6826c6da073704b1c197602d0fd0575f4c0b8f2c5e	backend_adapter_registry/banksy.adapter.v1.yaml
a81928ca3f82062d95c23e0180a8d66a33c8b1f4b6370f7386634c50aa572567	checks/artifact_manifest.tsv
6de2c728c8626f55415c9f9c4c4defd07d4bb1e6b21e1c4e5d56054c556c5d4d	checks/cleanup_check_report.md
f9c8a124aa84822c52a5f80d7caf57381f52295bd28531b2a50a65182a4db850	checks/recovery_migration_report.md
c2d1ae2af5cef765f12ea77c81534dffb92bbd5d297c4b4fbc1ab9a07ec783a5	checks/search_logs/bioharness_all_files.txt
587ebb619a0e69b85fdffe65cf02e073e41189167382fafe870e337e08bbad40	checks/search_logs/bioharness_banksy_git_history.txt
53eb5f90258a2dadaa8a850963eaddf0c5abd5f4d8ab17dc43895642e6cf0a90	checks/search_logs/bioharness_banksy_rg.txt
127695f33b62714afc29e0d20465cc8310aef56f86f27048fbbcb74590e2876c	environment_profiles/banksy.environment.md
bf9ff18918d474e9f946e4aee9cf07c3ca9755185408178e9cf08e907a23a6cf	environment_profiles/banksy.environment_subagent_report.md
87611853210b8d98d30289962b3663f459f290d12e932912c1f88f6e25a8e259	evidence/2026-04-28_banksy_layer3_4_assignment_matrix.md
14097258d3f79307a066dd7e291153c1f735e75715b29cd9848d8a997903d4f8	evidence/2026-04-28_banksy_retrieval_coverage_check.md
bf2a1368312d0dd58d9df0968d74f79aa360a5ce62c3229b5c14272e23bffbd8	evidence/2026-04-28_banksy_retrieval_plan.md
4fba09a118fa97d5853a9ca636454d86c6987ff8d76466dc3885edc8b74d5b4f	evidence/2026-04-28_banksy_source_evidence_inventory.json
8ab8df2cd6797bff523381501233beba6c8190f7a8b4d1d1b4abb35a2ea31741	evidence/2026-04-28_banksy_source_evidence_inventory.schema_note.md
a7bc349d662b6e484a2357646133845a8cdcf22dbddaa7613224f4ce033ace3b	method_audits/banksy.audit.md
75eab6644780c65261c6a5cde54d07aa5694b1dcbb4c35c9581ea8039717eee4	method_audits/banksy.rewrite_decision.md
a536068a105bde8b430c3d0fc399055ce87a277b92d5b1f8b18db00367e87e14	method_audits/banksy.risk_decision_log.md
fbadec619b2148f3e76c2ee6fd6e6a459823ccbb69dc432ce6af7c39307fc9a9	method_audits/banksy.validation_runtime.md
756f1657c4d2724c251a400be132b645674b18ae609db2a186f43e2bbf57a7e3	recovered_sources/duplicates/backend_adapter_registry__banksy.adapter.v1.yaml/01_nas_existing_banksy.adapter.v1.yaml
55f14f75c9a60409d808a468334e2a2d6e4fe7b59052c2cb8b77429695dc5b14	recovered_sources/duplicates/backend_adapter_registry__banksy.adapter.v1.yaml/02_zip_extract_banksy.adapter.v1.yaml
a7bc349d662b6e484a2357646133845a8cdcf22dbddaa7613224f4ce033ace3b	recovered_sources/duplicates/method_audits__banksy.audit.md/01_nas_existing_banksy.audit.md
6f2c0ffce2b14982fa58d4750e24ef3408053b7f01aeb1f29a56e207cd692b80	recovered_sources/duplicates/method_audits__banksy.audit.md/02_zip_extract_banksy.audit.md
75eab6644780c65261c6a5cde54d07aa5694b1dcbb4c35c9581ea8039717eee4	recovered_sources/duplicates/method_audits__banksy.rewrite_decision.md/01_nas_existing_banksy.rewrite_decision.md
21464bbad00941488bff9f3a77b7f68c3587c5bf4b65b99ce1c28477aa30a4a6	recovered_sources/duplicates/method_audits__banksy.rewrite_decision.md/02_zip_extract_banksy.rewrite_decision.md
a536068a105bde8b430c3d0fc399055ce87a277b92d5b1f8b18db00367e87e14	recovered_sources/duplicates/method_audits__banksy.risk_decision_log.md/01_nas_existing_banksy.risk_decision_log.md
6e78b424dcccd4a561b33ca3021a16b7d9b4f277d7cd53e7a45f73d89ba0a969	recovered_sources/duplicates/method_audits__banksy.risk_decision_log.md/02_zip_extract_banksy.risk_decision_log.md
fbadec619b2148f3e76c2ee6fd6e6a459823ccbb69dc432ce6af7c39307fc9a9	recovered_sources/duplicates/method_audits__banksy.validation_runtime.md/01_nas_existing_banksy.validation_runtime.md
ed8440952deadf6ceeb5ecabde9577305b65434900a059504bdfd4335d73ef5e	recovered_sources/duplicates/method_audits__banksy.validation_runtime.md/02_zip_extract_banksy.validation_runtime.md
6d73e4571d97fe255b7af8cc7d5f3088edd4552cca2e4e153304f88f7978a7cf	recovered_sources/duplicates/review_pack__banksy_layer3_4_review_pack.md/01_nas_existing_banksy_layer3_4_review_pack.md
4577857c1bceb9c441b7af4681ea706bb10c9c38fe40918639019c73f98390e1	recovered_sources/duplicates/review_pack__banksy_layer3_4_review_pack.md/02_zip_extract_banksy_layer3_4_review_pack.md
fdd7918cf8677c1eeb58eb6508289ce30f81a4062073e27fe6ae1bbc4da20fb5	recovered_sources/duplicates/surface_registry__banksy.v1.yaml/01_nas_existing_banksy.v1.yaml
44fb96025587b0c296e96bf8f1d50f345cf3e21d1d9e777e9272e5e9fd1a3801	recovered_sources/duplicates/surface_registry__banksy.v1.yaml/02_zip_extract_banksy.v1.yaml
8700bb7a89c9afc40760cee9024bc7c07690c71a84e544390f349dfa9d1ab2e7	recovered_sources/duplicates/surface_registry__canonical.v1.yaml/01_nas_existing_canonical.v1.yaml
500a07932f29948cbb29d904be4026490a2bf9b23a2bab0cfe5c75ecfc3d1bf9	recovered_sources/duplicates/surface_registry__canonical.v1.yaml/02_zip_extract_canonical.v1.yaml
95f46a630e932cdeb0d998ba324aed76a99ac743c1b024fa2d48758d8b6bfb0b	recovered_sources/from_export_audit_source_bundle/backend_adapter_registry/README.md
55f14f75c9a60409d808a468334e2a2d6e4fe7b59052c2cb8b77429695dc5b14	recovered_sources/from_export_audit_source_bundle/backend_adapter_registry/spatial_domain_identification/banksy.adapter.v1.yaml
363265f05651f135eb6f136f8e97fe751fe2af790e52fb4574420e08cb7b4972	recovered_sources/from_export_audit_source_bundle/method_audits/README.md
6f2c0ffce2b14982fa58d4750e24ef3408053b7f01aeb1f29a56e207cd692b80	recovered_sources/from_export_audit_source_bundle/method_audits/spatial_domain_identification/banksy.audit.md
21464bbad00941488bff9f3a77b7f68c3587c5bf4b65b99ce1c28477aa30a4a6	recovered_sources/from_export_audit_source_bundle/method_audits/spatial_domain_identification/banksy.rewrite_decision.md
6e78b424dcccd4a561b33ca3021a16b7d9b4f277d7cd53e7a45f73d89ba0a969	recovered_sources/from_export_audit_source_bundle/method_audits/spatial_domain_identification/banksy.risk_decision_log.md
ed8440952deadf6ceeb5ecabde9577305b65434900a059504bdfd4335d73ef5e	recovered_sources/from_export_audit_source_bundle/method_audits/spatial_domain_identification/banksy.validation_runtime.md
4577857c1bceb9c441b7af4681ea706bb10c9c38fe40918639019c73f98390e1	recovered_sources/from_export_audit_source_bundle/reviews/banksy_layer3_4_review_pack.md
d480a3d5cdf82c5ec3304034fca9f62857a4a05f5cf124dcd7184e00324b8df6	recovered_sources/from_export_audit_source_bundle/surface_registry/README.md
f85c02998b950db8992a14e184f7bad3103b4f199aabd3c31f6699e83ff0f524	recovered_sources/from_export_audit_source_bundle/surface_registry/examples/spatial_domain_identification.spagcn.example.json
44fb96025587b0c296e96bf8f1d50f345cf3e21d1d9e777e9272e5e9fd1a3801	recovered_sources/from_export_audit_source_bundle/surface_registry/spatial_domain_identification/banksy.v1.yaml
500a07932f29948cbb29d904be4026490a2bf9b23a2bab0cfe5c75ecfc3d1bf9	recovered_sources/from_export_audit_source_bundle/surface_registry/spatial_domain_identification/canonical.v1.yaml
99654dfe636511355f56e489be0fd3223ba2eb6f8028e8228253db9725e4f9b3	recovered_sources/from_nas_previous_pack/README.md
756f1657c4d2724c251a400be132b645674b18ae609db2a186f43e2bbf57a7e3	recovered_sources/from_nas_previous_pack/backend_adapter_registry/banksy.adapter.v1.yaml
6de2c728c8626f55415c9f9c4c4defd07d4bb1e6b21e1c4e5d56054c556c5d4d	recovered_sources/from_nas_previous_pack/checks/cleanup_check_report.md
26a7e776ce33aade91bbb6ab1027fc196acafb605fce287862c1c9e93c679823	recovered_sources/from_nas_previous_pack/environment_profiles/banksy.environment.md
b3d4a1ac032460e3149cab53e58623ea5ee6ec9612d193d34c0f49ab3d281377	recovered_sources/from_nas_previous_pack/environment_profiles/banksy.environment_subagent_report.md
564fe5e2652931d52e2b4fd6241434c309d50b0db2fce5b94d983f0921dc6716	recovered_sources/from_nas_previous_pack/evidence/2026-04-28_banksy_method_execution_planning_record_v0.6.md
884d644a109a74ff64a80bd20014696917814df76adde1e8e5badc69a159bd71	recovered_sources/from_nas_previous_pack/evidence/audit_source_bundle.zip
ffc3be6035cc8f620c28f8ecc47aa72e6648cea678eac6461c8bfe197b3c0057	recovered_sources/from_nas_previous_pack/evidence/evidence_index.md
a7bc349d662b6e484a2357646133845a8cdcf22dbddaa7613224f4ce033ace3b	recovered_sources/from_nas_previous_pack/method_audits/banksy.audit.md
75eab6644780c65261c6a5cde54d07aa5694b1dcbb4c35c9581ea8039717eee4	recovered_sources/from_nas_previous_pack/method_audits/banksy.rewrite_decision.md
a536068a105bde8b430c3d0fc399055ce87a277b92d5b1f8b18db00367e87e14	recovered_sources/from_nas_previous_pack/method_audits/banksy.risk_decision_log.md
fbadec619b2148f3e76c2ee6fd6e6a459823ccbb69dc432ce6af7c39307fc9a9	recovered_sources/from_nas_previous_pack/method_audits/banksy.validation_runtime.md
6d73e4571d97fe255b7af8cc7d5f3088edd4552cca2e4e153304f88f7978a7cf	recovered_sources/from_nas_previous_pack/review_pack/banksy_layer3_4_review_pack.md
fdd7918cf8677c1eeb58eb6508289ce30f81a4062073e27fe6ae1bbc4da20fb5	recovered_sources/from_nas_previous_pack/surface_registry/banksy.v1.yaml
8700bb7a89c9afc40760cee9024bc7c07690c71a84e544390f349dfa9d1ab2e7	recovered_sources/from_nas_previous_pack/surface_registry/canonical.v1.yaml
0da369c0715a8bb8111127357b969bc1f4be1359098c7e10bc4b4cac4421bc1e	recovered_sources/from_results_lowercase_banksy/2026-04-28_banksy_layer3_4_assignment_matrix.md
14097258d3f79307a066dd7e291153c1f735e75715b29cd9848d8a997903d4f8	recovered_sources/from_results_lowercase_banksy/2026-04-28_banksy_retrieval_coverage_check.md
bf2a1368312d0dd58d9df0968d74f79aa360a5ce62c3229b5c14272e23bffbd8	recovered_sources/from_results_lowercase_banksy/2026-04-28_banksy_retrieval_plan.md
4fba09a118fa97d5853a9ca636454d86c6987ff8d76466dc3885edc8b74d5b4f	recovered_sources/from_results_lowercase_banksy/2026-04-28_banksy_source_evidence_inventory.json
8ab8df2cd6797bff523381501233beba6c8190f7a8b4d1d1b4abb35a2ea31741	recovered_sources/from_results_lowercase_banksy/2026-04-28_banksy_source_evidence_inventory.schema_note.md
c5a74acb83d3e9a73566f8adaf6955c47348ad6f88e75bd72d1834eab402a39f	review_pack/banksy_layer3_4_review_pack.md
fdd7918cf8677c1eeb58eb6508289ce30f81a4062073e27fe6ae1bbc4da20fb5	surface_registry/banksy.v1.yaml
8700bb7a89c9afc40760cee9024bc7c07690c71a84e544390f349dfa9d1ab2e7	surface_registry/canonical.v1.yaml
0eabb22fdbb88353191f99f5f5c78190be0b44fe26ad4b2093c1aded00793c1e	checks/sha256_manifest.tsv
