Tool Name,Method Family,Main Input,Main Use in This Topic,Main Output,Closest Alternatives,Key Difference,Compute Requirement,Memory Burden,Scale Sensitivity,Code Access,Primary Code Link,Evidence Source,Evidence Note,Best First Choice When,Do Not Start With This When,Neighborhood Signal Unit,Multi-sample / Cohort Cue,Reference or Prior Dependence,Output Granularity,Interpretation Anchor,Scientific-risk Caveat
CellCharter,Spatial niche clustering,spatial cell or spot observations with expression or phenotype features plus spatial coordinates,"identify, characterize, and compare cellular niches across spatial omics samples","niche labels, niche composition summaries, neighborhood-enrichment and shape summaries",CytoCommunity; scNiche; CellNiche; NicheCompass,"Uses scalable niche clustering and comparison across data types rather than TCN discovery, single-cell niche graph learning, atlas-scale contrastive embeddings, or communication-prior embeddings.",CPU,medium,medium,available,https://github.com/CSOgroup/cellcharter,method paper,"Direct evidence: PubMed/DOI verify the Nature Genetics method paper and the paper reports open-source CellCharter code. Layer 2 synthesis: resource and comparator labels reflect topic-level comparison, not BioHarness runtime validation.",When the task is broad cellular-niche discovery or cross-sample niche comparison from spatial omics maps.,"When the primary endpoint is hard tissue-domain labels, ligand-receptor communication, ordered topology motifs, or transcriptome-to-space reconstruction.",cell/spot niche composition and local feature neighborhoods,multi-sample supported,reference-free,discrete niches,cell composition and niche enrichment,"Niche labels can be sensitive to feature preprocessing, cluster granularity, and sample-composition imbalance."
ENVI,Covariance niche representation plus conditional variational autoencoder,spatial transcriptomics or multiplexed spatial data plus matched or relevant scRNA-seq data,represent cellular neighborhoods through covariance structure and infer spatial context or missing expression,"COVET niche representations, ENVI latent embedding, imputed expression, projected spatial context",scHolography; DECIPHER; Nicheformer; CellNiche,Centers neighborhood representation on gene-gene covariance within local niches and a joint spatial/single-cell latent model.,Optional GPU,medium,medium,available,https://github.com/dpeerlab/ENVI,method paper,Direct evidence: PubMed/DOI verify the Nature Biotechnology paper and the article reports ENVI/COVET Python code. Layer 2 synthesis: placement in this topic emphasizes niche representation rather than treating imputation as the primary task.,When the scientific question needs covariance-defined niches and a spatial plus scRNA-seq representation for inference or imputation.,"When no matched reference or query transfer objective is available, or when the primary endpoint is hard domain labels or CCC edges.",local gene covariance environment,multi-sample possible,scRNA-reference-assisted,continuous embeddings,covariance structure and inferred spatial context,Reference mismatch and covariance choices can shape inferred niches and imputed genes.
mNSF,Multi-sample spatial factorization,multi-sample spatial transcriptomics count matrices with coordinates,extract shared gene loadings and sample-specific spatial factors across multiple sections or samples,multi-sample spatial factors and gene loadings,NSF; NNMF; SIGEL; CellCharter,Extends NSF to multiple samples without requiring spatial alignment by sharing gene loadings while allowing sample-specific spatial structure.,Optional GPU,high,high,available,https://github.com/hansenlab/mNSF,method paper,Direct evidence: PubMed/DOI verify the Genome Biology paper and the paper links the mNSF package plus analysis code. Direct resource evidence notes TensorFlow/GPU design and scaling pressure; downstream selection cues are Layer 2 synthesis.,When multiple spatial samples need shared factor interpretation without assuming reliable spatial alignment.,When millions of cells or very high-resolution maps require a first-pass scalable soft-neighborhood method.,sample-specific spatial factors with shared gene loadings,multi-sample primary,reference-free,continuous factors,gene programs and anatomical factors,"Classic factorization interpretability limits remain, and spatial factors may mix biological and technical variation."
NNMF,Neighborhood nonnegative matrix factorization,"spatial transcriptomics matrix with 2D or 3D coordinates, optionally across multiple samples",identify overlapping spatial neighborhoods and multicellular gene signatures at large scale,"soft neighborhood signatures, hard cluster labels if postprocessed, spatially variable gene patterns",mNSF; NSF; CellCharter; MESA,Keeps overlapping soft gene signatures and scales to large cell counts instead of forcing hard niche borders first.,CPU,medium,low,available,https://github.com/ragnhildlaursen/NNMF,method paper,Direct evidence: PubMed/DOI verify the 2026 Genome Biology paper and the paper reports an R package plus large-scale evaluations. Layer 2 synthesis: low scale sensitivity is a coarse cue and not a BioHarness performance claim.,"When overlapping spatial gene programs or soft multicellular neighborhoods are preferred, especially for large datasets.","When the main goal is communication-pathway interpretation, ecological hotspot metrics, or scRNA-to-space reconstruction.",spatially smoothed gene-program neighborhoods,multi-sample supported,reference-free,soft signatures,gene signatures and overlapping neighborhoods,Soft signatures are biologically rich but may be awkward when downstream work expects mutually exclusive domains.
NSF,Non-negative spatial factorization,spatial genomics count matrix with spatial coordinates,derive interpretable spatial factors from a single spatial sample or limited sample set,"nonnegative spatial factors, feature loadings, optional hybrid spatial/nonspatial factor summaries",mNSF; NNMF; SIGEL; MESA,Provides the original probabilistic nonnegative spatial factor model rather than multi-sample extension or scalable neighborhood smoothing.,CPU,high,high,available,https://github.com/willtownes/spatial-factorization-py,method paper,Direct evidence: PubMed/DOI verify the Nature Methods NSF paper and the article reports code plus high memory examples. Layer 2 synthesis: it is kept as the baseline spatial-factorization branch rather than a default for all neighborhood tasks.,When a single-sample interpretable spatial factorization baseline is needed and resource burden is acceptable.,"When the dataset is atlas-scale, explicitly multi-sample, or requires cellular-niche labels rather than factors.",spatial factors over coordinates,single-sample primary,reference-free,continuous factors,gene loadings and spatial factor maps,Factor labels are not inherently cell niches and can be hard to interpret without external biological annotation.
SOTIP,Optimal-transport microenvironment modeling,"spatial omics observations, coordinates, and microenvironment graph features","model microenvironments and their relationships for heterogeneity, domain, and differential microenvironment analysis","microenvironment representations, spatial domains, heterogeneity and differential microenvironment summaries",MESA; CellCharter; NicheCompass; CytoCommunity,Uses optimal-transport microenvironment modeling as a multi-task spatial omics framework rather than ecological diversity or graph-neural niche learning.,CPU,unclear,medium,available,https://github.com/TencentAILabHealthcare/SOTIP,mixed,Direct evidence: PubMed/DOI verify the Nature Communications method paper after metadata repair. Layer 2 synthesis: SOTIP is retained in Graph / Neighborhood only for microenvironment modeling and differential microenvironment analysis; hard spatial-domain labels route to Domain / Clustering.,When the task centers on microenvironment graph modeling or differential microenvironment relationships rather than hard tissue-region labeling.,When the primary endpoint is hard tissue/domain/region labels or spatial clustering; route those tasks to Domain / Clustering.,microenvironment graph and optimal-transport relationships,multi-sample possible,reference-free,microenvironment domains,microenvironment composition and differential ME analysis,SOTIP overlaps spatial domain identification; domain-label benchmarks are task-adjacent evidence only and cannot rank Graph / Neighborhood branches globally.
MESA,Ecological spatial analysis,spatial omics cell maps and optional single-cell multiomics integration inputs,"quantify tissue-state spatial diversity, hotspots, cold spots, and ecological neighborhood shifts","ecological diversity metrics, hotspot/coldspot maps, neighborhood and cohabitation summaries",SOTIP; CellCharter; CytoCommunity; TrimNN,Frames spatial neighborhoods through ecology-inspired diversity and hotspot metrics rather than clustering alone.,CPU,unclear,medium,available,https://github.com/Feanor007/MESA,method paper,"Direct evidence: PubMed/DOI verify the Nature Genetics paper and the article reports MESA documentation and GitHub. Layer 2 synthesis: use here is strongest for metric-based neighborhood-state analysis, not generic niche discovery.","When the question asks for spatial diversity, tissue-state shifts, hotspots, cold spots, or cohabitation metrics.","When the desired result is hard domain segmentation, LR/CCC inference, or explicit topology motif discovery.",patch or kNN neighborhood ecological diversity,condition/cohort comparison supported,optional multiomics reference-assisted,metrics and hotspots,ecological diversity and cohabitation,Ecological analogies are useful descriptors but should not be read as mechanistic causality without perturbational support.
NicheCompass,Communication-aware graph deep learning,single- or multi-sample spatial omics graph with gene expression and optional multiomics covariates,learn interpretable communication-aware niche embeddings and spatial gene program activities,"cell embeddings, niche labels, spatial gene program scores, atlas/reference mapping outputs",CellCharter; scNiche; CellNiche; Nicheformer,"Builds graph deep-learning niches around ligand-receptor, regulatory, and de novo spatial programs rather than composition-only clustering.",Optional GPU,medium,medium,available,https://github.com/Lotfollahi-lab/nichecompass,method paper,Direct evidence: PubMed/DOI verify the Nature Genetics method paper and public code source. Layer 2 synthesis: retained here for niche/program embeddings; ligand-receptor edge inference or causal CCC interpretation routes to Cell-Cell Communication.,When interpretable communication-aware niche or program embeddings are the endpoint and curated priors are acceptable.,"When the primary endpoint is ligand-receptor edges, sender-receiver pairs, communication scores, or causal/pathway CCC interpretation.",spatial graph with communication and regulatory programs,multi-sample and atlas integration supported,communication-prior-assisted,interpretable embeddings and niches,signaling and spatial gene programs,"Communication/regulatory priors can make embedding interpretation look mechanistic; treat LR or pathway claims as CCC-bound downstream interpretations, not Graph outputs."
Nicheformer,Single-cell/spatial foundation model,single-cell and spatial transcriptomics profiles tokenized for a pretrained transformer model,"transfer or predict spatial context, niche labels, and neighborhood composition using foundation-model representations","foundation-model embeddings, spatial label predictions, neighborhood composition or density predictions",CellNiche; DECIPHER; NicheCompass; ENVI,"Uses broad pretrained transformer representations instead of task-specific graph, covariance, or factorization models.",Required GPU,high,high,available,https://github.com/theislab/nicheformer,method paper,Direct evidence: PubMed/DOI verify the Nature Methods paper and the article reports the model package and large pretraining resources. Layer 2 synthesis: high compute and model-prior caveats are critical for selection.,When the analysis explicitly needs pretrained spatial/single-cell foundation-model transfer or spatial context prediction.,"When a small interpretable niche table, hard domain label, or CCC edge list is the primary endpoint.",pretrained cell representation with spatial-context tasks,cross-tissue and cross-technology transfer supported,pretrained-foundation-model-assisted,model embeddings and predictions,learned spatial context in transformer embeddings,Foundation-model outputs can carry training-corpus bias and may be difficult to audit mechanistically.
SPARROW,Joint cell-state and organization embedding,spatial omics data for microenvironment-zone-specific cell-state analysis,jointly represent cell states and cellular organization to identify microenvironment-zone-specific states,"joint embeddings, soft clusters, microenvironment-zone-specific cell-state summaries",CellCharter; NicheCompass; CytoCommunity; MESA,Emphasizes joint embedding of cell states and cellular organization rather than standalone niche clustering or ecological metrics.,Optional GPU,unclear,unclear,available,https://github.com/peiyaozhao617/SPARROW,method paper,"Direct evidence: PubMed/DOI verify the Cell Systems method paper; primary code trace is the upstream GitHub repository, with https://github.com/aifimmunology/SPARROW noted as an accessible fork/mirror. Layer 2 synthesis: retained for microenvironment-zone-specific cell states.",When the task asks how cell states vary across microenvironment zones or cellular organization contexts.,"When the primary endpoint is hard domain labels, CCC edge inference, or topology motif discovery.",joint cell-state and organization context,unclear,unclear,soft cell-state organization summaries,cell state by microenvironment zone,"Zone-specific state claims depend on model assumptions, cell-state resolution, and tissue organization definitions; code access does not imply runtime support."
CytoCommunity,Graph neural tissue-neighborhood discovery,"single-cell spatial maps with cell phenotypes, spatial coordinates, and optional sample labels",discover unsupervised or supervised tissue cellular neighborhoods from cell phenotypes,tissue cellular neighborhood assignments and condition-specific TCN summaries,CellCharter; scNiche; TrimNN; SMORE,Targets cell-phenotype neighborhood maps and can use sample labels for supervised condition-specific TCN discovery.,Optional GPU,unclear,medium,available,https://github.com/tanlabcode/CytoCommunity,method paper,Direct evidence: PubMed/DOI verify the Nature Methods method paper and code source. Layer 2 synthesis: retained here for tissue cellular neighborhoods; neighbor-preference scores or CCC-style interpretation route to Cell-Cell Communication.,When segmented cell-phenotype maps are available and the endpoint is tissue cellular neighborhood discovery.,"When the main target is neighbor-preference scoring, ligand-receptor communication, pathway CCC, or hard tissue-domain labels.",cell-phenotype spatial graph,supervised cohort labels supported,cell-phenotype-label-assisted,discrete TCNs,cell phenotypes and sample-label association,Cell-phenotype labels can compress continuous states; supervised TCN associations and neighbor-preference interpretations need separate validation.
SMORE,Spatial motif mining,cell-type-labeled spatial neighborhood graph or spatial cell map,discover overrepresented ordered spatial motifs in cellular architecture,"spatial motif sequences/logos, motif locations, motif-associated expression summaries",TrimNN; CytoCommunity; MESA; CellCharter,Searches graph paths for ordered spatial motifs instead of clustering neighborhoods into niches or factors.,CPU,medium,medium,available,https://github.com/zsamadi/SMORE,method paper,"Direct evidence: PubMed/DOI verify the Genome Biology method paper; public code is traceable at the primary GitHub repository and archive DOI 10.5281/zenodo.14510210. Layer 2 synthesis: retained for motif/topology selection, with CCC/pathway interpretation treated as downstream only.",When the endpoint is ordered spatial motif discovery in cellular architecture.,"When the primary endpoint is hard tissue-domain labels, ligand-receptor CCC, pathway activity, or reconstructed spatial neighborhoods.",ordered paths in a cell-type spatial graph,multi-sample possible,cell-phenotype-label-assisted,motif signatures,ordered cell-type motifs and contextual expression,Motif calls depend on graph construction and null models; pathway or CCC interpretation of motifs is downstream and not direct evidence.
TrimNN,Triangulation cellular community motif neural network,"spatial omics or multiplexed cell maps with cell annotations, features, and spatial coordinates",identify cellular community motifs and multicellular topological organization patterns,"cellular community motifs, motif abundance summaries, phenotype-associated topological organization patterns",SMORE; CytoCommunity; CellCharter; MESA,"Targets cellular community motifs in triangulated spatial graphs rather than ordered motif paths, TCN labels, niche clusters, or ecological diversity summaries.",Optional GPU,medium,medium,available,https://github.com/yuyang-0825/TrimNN,method paper,"Direct evidence: PubMed/DOI verify the Nature Communications method paper and public code/Zenodo trace, including archive DOI 10.5281/zenodo.15884334. Layer 2 synthesis: retained in the motif/topology branch, not as CCC or domain evidence.",When the question asks for cellular community motifs or multicellular topological organization in spatial maps.,"When the primary endpoint is hard tissue-domain labels, ligand-receptor CCC edges, or pathway causality.",triangulated cellular community graph motifs,multi-sample supported,cell-phenotype-label-assisted,cellular community motifs,motif topology and phenotype-associated abundance,"Cell-type annotations, triangulation choices, and motif-size or query choices influence results; phenotype association is not causality."
scNiche,Multi-view graph cell-niche representation,single-cell-resolution spatial omics data with cell features and coordinates,identify and characterize cell niches at single-cell resolution,"cell niche labels, niche representations, and niche marker or context summaries",CellCharter; CytoCommunity; CellNiche; NicheCompass,"Learns multi-view graph representations for single-cell-resolution niches rather than broader niche clustering, TCN discovery, atlas-scale embeddings, or communication-prior programs.",Optional GPU,medium,medium,available,https://github.com/ZJUFanLab/scNiche,method paper,"Direct evidence: PubMed/DOI verify the Nature Communications method paper and public code/Zenodo trace, including archive DOI 10.5281/zenodo.14195486. Layer 2 synthesis: retained for cell-niche representation, not hard spatial-domain labeling.",When the endpoint is single-cell-resolution niche identification and characterization from spatial omics.,"When the primary endpoint is tissue-region/domain labels, ligand-receptor communication scores, or pathway CCC.",multi-view cell and microenvironment graph representation,multi-sample supported,reference-free,discrete niches,single-cell-resolution niche composition and local context,"Niche labels depend on feature construction, graph views, and cell-state resolution; downstream biological interpretation needs validation."
CellNiche,Contrastive cellular microenvironment representation,atlas-scale spatial omics cell maps with cell features and spatial-proximity subgraphs,learn microenvironment-aware cellular embeddings at atlas scale,"cellular microenvironment embeddings, niche-context summaries, and downstream microenvironment labels",DECIPHER; Nicheformer; scNiche; CellCharter,Uses cell-centric spatial-proximity subgraphs and contrastive learning for atlas-scale microenvironment representation rather than smaller-scale niche clustering or foundation-model transfer.,Optional GPU,high,medium,available,https://github.com/Super-LzzZ/CellNiche,method paper,"Direct evidence: PubMed/DOI verify the 2026 Nature Communications method paper and public GitHub/Zenodo trace, including archive DOI 10.5281/zenodo.19143524. Layer 2 synthesis: retained for atlas-scale cellular microenvironment representation only.",When the task needs atlas-scale cellular microenvironment embeddings or cell-centric context representation.,"When the required endpoint is hard tissue-domain labels, sender-receiver CCC, or a simple motif table.",cell-centric spatial-proximity subgraphs,atlas-scale supported,reference-free,cellular microenvironment embeddings,learned microenvironment context in cell embeddings,Contrastive embeddings can encode cohort or platform bias and require validation before mechanism claims.
DECIPHER,Disentangled cellular embedding learning,large-scale heterogeneous spatial omics data with cellular features and spatial context,learn disentangled cellular embeddings that separate cell-intrinsic and spatial-context signals,"disentangled cellular embeddings, spatial-context embeddings, and downstream context summaries",CellNiche; Nicheformer; SIGEL; ENVI,"Disentangles intracellular identity and extracellular or spatial-context signals rather than directly discovering motifs, niches, domains, or LR communication edges.",Optional GPU,high,medium,available,https://github.com/gao-lab/DECIPHER,method paper,"Direct evidence: PubMed/DOI verify the Nature Communications method paper and public GitHub/docs/Zenodo trace, including archive DOI 10.5281/zenodo.15860235. Layer 2 synthesis: retained as a spatial-context representation branch, not domain or CCC evidence.",When the task needs disentangled cellular embeddings that separate cell-intrinsic and neighborhood-context signals.,"When the primary endpoint is hard domain clustering, ligand-receptor/sender-receiver CCC, or pathway causal interpretation.",intracellular and extracellular/spatial-context embeddings,atlas-scale supported,reference-free,disentangled spatial-context embeddings,separated cell-intrinsic and neighborhood-context representation,Disentanglement assumptions require validation; downstream clusters or interaction summaries are not mechanism proof.
scHolography,Transcriptome-to-space neighborhood reconstruction,spatial transcriptomics reference data plus single-cell RNA-seq query data,reconstruct single-cell spatial neighborhoods and support 3D tissue visualization,"stable matching neighbor graph, reconstructed spatial neighborhoods, 3D visualization coordinates",ENVI; Nicheformer; DECIPHER; CellNiche,Maps transcriptome-to-space relationships to reconstruct neighborhoods rather than clustering observed spatial neighborhoods directly.,Optional GPU,unclear,medium,available,https://github.com/YiLab-SC/scHolography,method paper,"Direct evidence: PubMed/DOI verify the Genome Biology method paper and the article reports an R package and analysis code. Layer 2 synthesis: use in this topic is strongest for reconstruction, not de novo niche clustering.",When spatial neighborhoods must be reconstructed for single-cell data using a spatial transcriptomics reference.,"When no suitable spatial reference exists, or when the endpoint is hard domain labels, topology motifs, or CCC inference.",stable matching neighbor graph inferred from transcriptome-to-space projection,reference/query transfer supported,scRNA-reference-assisted,reconstructed neighborhoods,spatial neighbor reconstruction and 3D tissue organization,Reconstruction quality depends on reference match and may impose spatial structure absent from the query data.
SIGEL,Context-aware genomic representation learning,spatial transcriptomics gene expression maps,learn spatially informed gene representations from genomic context for downstream neighborhood-adjacent analyses,"SIGEL-generated gene representations, spatial co-expression contexts, task-specific imputation/SVG/clustering outputs",DECIPHER; NNMF; NSF; Nicheformer,Produces gene-level spatial representations from expression-map context rather than cell- or niche-level labels first.,Optional GPU,unclear,unclear,available,https://github.com/WLatSunLab/SIGEL,method paper,"Direct evidence: PubMed/DOI verify the Genome Biology paper and the article lists a public GitHub source location, while also containing a more conservative code-availability sentence. Layer 2 synthesis: code access is treated as available but flagged for audit.",When the task needs spatially informed gene embeddings or genomic-context features rather than cell-neighborhood labels.,"When the required output is hard domain labels, discrete cell niches, or CCC edges rather than gene-level context representations.",spatial genomic context among genes,cross-sample robustness claimed,reference-free,gene representations,spatially co-expressed gene contexts,Gene embeddings are indirect neighborhood evidence and require downstream validation before biological mechanism claims.
SpaNiche,Spatial niche colocalization and interaction-pattern analysis,"spatial omics data with cell or spot features, spatial coordinates, and optional cell-type or phenotype annotations","analyze spatial niches, colocalization patterns, and cellular interaction-pattern context","spatial niche labels or patterns, colocalization summaries, and interaction-context features",scNiche; CellCharter; NicheCompass; CytoCommunity,"Targets spatial niche and colocalization analysis directly, while keeping interaction-pattern language separate from ligand-receptor or causal communication claims.",CPU,unclear,unclear,available,https://github.com/SiyuanHuang1/SpaNiche,DOI 10.1186/s13059-026-04069-z; Genome Biology method paper; code link supplied by targeted literature check,"Direct DOI/publisher evidence verifies the SpaNiche method-paper identity and public code trace. Placement in Graph / Neighborhood is based on the niche, colocalization, and microenvironment endpoint; any interaction wording remains descriptive and branch-local.",When the endpoint is spatial niche analysis with colocalization or microenvironment-pattern summaries.,"When the requested output is ligand-receptor edges, sender-receiver communication scores, pathway signaling, or causal CCC interpretation.",spatial niche and colocalization context,unclear,reference-free,discrete niches,spatial colocalization and niche context,"Niche and colocalization patterns can reflect annotation, sampling density, graph construction, and spatial proximity; they should not be treated as causal or physical communication truth."
SpatialQuery,Multicellular motif discovery and molecular characterization,"spatial omics data with cell or spot identities, molecular features, and spatial neighborhood structure",discover and molecularly characterize multicellular motifs in spatial omics data,multicellular motif signatures and motif-associated molecular characterization,SMORE; TrimNN; CytoCommunity; CellCharter,Frames the problem as scalable motif query/discovery and molecular characterization rather than hard domain clustering or ligand-receptor communication.,unclear,unclear,unclear,available,https://github.com/ShaokunAn/Spatial-Query,bioRxiv DOI 10.64898/2026.04.22.720136v1; code link supplied by targeted literature check,Preprint-only evidence verifies the SpatialQuery title and code trace. Inclusion is a targeted Graph / Neighborhood motif-branch correction; preprint status must remain visible before any positive formal display.,When the endpoint is scalable discovery or querying of multicellular motifs and their molecular features.,"When the requested output is hard tissue-domain labels, ligand-receptor edges, or causal communication interpretation.",multicellular motif,unclear,reference-free,cellular community motifs,multicellular motif structure and molecular characterization,"Preprint-only evidence; motif calls depend on graph construction, annotation quality, null models, and molecular follow-up, and do not establish causal interaction mechanisms."
